,PC1,PC2,PC3,PC4,PC5,PC6,PC7,PC8,PC9,PC10,PC11,PC12,PC13,PC14,PC15
2015-02-02,0.6151056064737271,0.10001654161853912,0.047941983991141135,0.026828491423334478,0.02589006232413066,0.024392069406105145,0.021657560901661346,0.01587056647513722,0.014100002737711491,0.011537387949764518,0.011112995284701513,0.009728177637219768,0.00801486897901136,0.00723475543743247,0.006819280567878681
2015-03-02,0.6083154776869459,0.10885514580293669,0.04812238652775701,0.027310878262935587,0.025828370983740374,0.02307685720296335,0.02108142598149284,0.015675608389585354,0.014079386199758865,0.011026946971728672,0.010741101258613925,0.00955032479860095,0.007901003354564708,0.007639039665406789,0.006880369361066327
2015-04-01,0.604013375497225,0.12450518467712364,0.04396103677465014,0.02673469824216115,0.02466227866106873,0.023097195292339556,0.019433902331506943,0.015308250767557154,0.013362944851063558,0.010497690809582908,0.010065278518034142,0.009656225195045005,0.007523286798853267,0.007346806556592974,0.006595044024132329
2015-05-01,0.5999486893494764,0.12494466865720923,0.044087537097919426,0.02743723368673152,0.024058927687565488,0.022256362224349954,0.019155264076118225,0.015583522064409744,0.014057289739108822,0.010716386411753733,0.01020752720557524,0.009708016715209947,0.008142412639245238,0.007222145971090179,0.006947659825121
2015-06-01,0.603938404116275,0.12843617902339902,0.04239890235100036,0.0277681748351691,0.02449430379240974,0.020216865744286824,0.018433517973721728,0.01470826587867325,0.013788725886244113,0.01055304284780912,0.009821267094553186,0.009349238081972452,0.008072919236368832,0.0070506608280287986,0.00666194850782621
2015-07-01,0.6118902287038899,0.12711981857461296,0.04307142554097055,0.026630563727664633,0.02462916109565026,0.019922836202230673,0.018581863465360195,0.01439406356562318,0.01339974235522803,0.009984592135556091,0.009178563457708096,0.008863116601143509,0.0077574833734713996,0.006762917436721748,0.0061793708623335926
2015-08-03,0.6102999426092818,0.12361642223123054,0.05054471867092904,0.025997482451769912,0.024157218819601145,0.020373322297656475,0.01798052707446056,0.014103431781837174,0.01341106485429922,0.00960495515810706,0.009141423878869138,0.008677580868938576,0.007835700795903828,0.006551532023979252,0.006281031012675628
2015-09-01,0.6315151550421778,0.12281375998842936,0.04871312687066008,0.02498147025940837,0.02320640647448987,0.018156860542618437,0.016591853677255203,0.012858380046971069,0.012012630851721827,0.008922774682642671,0.008480618827601417,0.007928037478895868,0.007579991007369784,0.006028498656033104,0.00546388166801054
2015-10-01,0.6509707090476694,0.11928348998568956,0.043678067258788124,0.024606082618559778,0.022901309240710002,0.016822521336011857,0.015020415299152242,0.012282438728458635,0.011154772795746429,0.00881379900350613,0.007803718686284634,0.007203375306433694,0.007048240428075377,0.005648321536893094,0.005322933471413194
2015-11-02,0.6489224725917637,0.11998559553387397,0.04368708058864702,0.024696021688272576,0.02259856758491547,0.016660796603426,0.014585092927688866,0.013576941467755604,0.010418016229647964,0.008911354994052559,0.008093624710846908,0.0072911206886606145,0.0069814174700426525,0.00603221551059894,0.005426356529985221
2015-12-01,0.6534198039271861,0.12051729324200237,0.040853105087574816,0.02404521788726004,0.02290576192349177,0.015577130097048069,0.014603056023323022,0.013190787688832936,0.01029221751876568,0.008796599990481145,0.008352051640847508,0.007136367342225312,0.006830591489488997,0.005743474673407299,0.005529523318357276
2016-01-04,0.6539289060811906,0.12354612305571198,0.0425125904074318,0.0234141467112075,0.02192939301827384,0.016215603410648493,0.014339104359065644,0.012953786764047187,0.010156385972507936,0.009068672332471632,0.008394495741918893,0.0070411688182308915,0.006509874322694391,0.005459212916270065,0.004975389132521642
2016-02-01,0.6627371770308468,0.1227811104049169,0.04042872791015952,0.021969654894296788,0.021218429733278817,0.016992921653190583,0.014207672187639145,0.012628105829325203,0.009730576918259631,0.008796440404025201,0.00814044246570377,0.006523088166190541,0.005883761113004323,0.0053532163818518,0.0049187073233112
2016-03-01,0.6649644828794359,0.11908640660850019,0.04001682128097718,0.022133488099793295,0.021259899871664673,0.017002340706534846,0.014532333115480429,0.01259526708281122,0.009837641404682284,0.009041284462008204,0.007957288944345737,0.007206583196687949,0.006122779384244402,0.005090314015069261,0.004850700861784428
2016-04-01,0.6712213885550843,0.11020927193304468,0.039530450648166515,0.02315868167388809,0.021776236273560352,0.017198719050265293,0.01492976154448157,0.012413018480382077,0.010179531171730954,0.00896303588887659,0.008035085847018404,0.007628789279217569,0.00597883741475895,0.005285410493901656,0.004969164729841901
2016-05-02,0.672394680142293,0.11021174169877611,0.040059175592157416,0.023362920288453114,0.021711984408421536,0.017265182873211844,0.014816510169061,0.012758796569888793,0.009733983954606226,0.008988928715064503,0.007779639109532914,0.007267922759505882,0.006271338427550541,0.005262481842421021,0.004992158072042863
2016-06-01,0.6754851932391556,0.10703861299697856,0.0412848727800073,0.022856925669156425,0.021310808237958702,0.01725397715920806,0.014602454746285116,0.012073742180391107,0.009635762772649636,0.009349193082918887,0.008039130974774052,0.007360439193382252,0.006124121179495382,0.0053500018830126865,0.004929516758309044
2016-07-01,0.6817770947352385,0.10505864561107169,0.042006349731416606,0.022107122276299823,0.02147696534271142,0.016083187809950508,0.013877651592243462,0.012359015721582753,0.009106456169608989,0.008858259127674998,0.008131382015193877,0.007142358891858777,0.006056756555235156,0.005280082051882234,0.004680271955806931
2016-08-01,0.6797523168110843,0.10512422991692875,0.041583090332535044,0.022826006408582233,0.020722104554922113,0.015230401968138154,0.013865703385502887,0.013347468387432325,0.010256395067272191,0.008728492846098364,0.008425359778654957,0.007948309796188586,0.006404859017638019,0.005237688571451319,0.00480629673224019
2016-09-01,0.6653948588986512,0.10725945037926031,0.042674913258725446,0.026549201668924962,0.020765280579838064,0.016624689250000733,0.015037201087167187,0.012340989309608006,0.010552184102895226,0.009455964189418471,0.009002091048590217,0.008328328744092148,0.006913369018718837,0.006315939318229209,0.005404646770426923
2016-10-03,0.6572401712439009,0.1161203779909908,0.04362440054226254,0.024492225857510003,0.02105123879460976,0.015997894846031993,0.014668266432637005,0.01273597830103511,0.010553853280765366,0.0099355906645248,0.008811155159613183,0.008519575560147569,0.007111579878652087,0.0065183967509063485,0.005402137074664658
2016-11-01,0.6559457379654148,0.11951542455432994,0.04203171825477852,0.024532313417792315,0.020666546159449666,0.015791569108519955,0.01410250799177114,0.012972860132947427,0.011042106207075518,0.009703403620608899,0.009064076455822256,0.00820234887450159,0.0074505762095598395,0.006380976661136373,0.005327877203683802
2016-12-01,0.6409254869594267,0.12570311438110945,0.04376593710483169,0.028593741152071313,0.022045541590754444,0.0173019376020287,0.015484664404899812,0.013571709289483301,0.010666719092063723,0.009819574902205523,0.008968819008589564,0.007972100651959696,0.007353026920206474,0.006528254262918116,0.004999009248252733
2017-01-03,0.6332149020059005,0.13311398612278386,0.0420351952153371,0.02765584617431395,0.02274943750570027,0.01625700360626479,0.015383888300348241,0.012825501072679523,0.010533563205051518,0.010525594664694072,0.00913857193802151,0.008501561957657864,0.007729342123342419,0.006695650432101003,0.005521854274428702
2017-02-01,0.6107066042531437,0.14183576253827765,0.04536557533657176,0.02827285815246009,0.024443879126299087,0.017661241782187875,0.015390535064829642,0.013125148910949574,0.011935187465922406,0.010686152762263515,0.009659217640210207,0.008914617953635693,0.0077345934210043136,0.007225332838242471,0.00592921978170897
2017-03-01,0.5976095639645804,0.14928066010529017,0.04768026668748396,0.03037359956932867,0.024866570652314273,0.01834937993505326,0.014358563279569747,0.013000634275856477,0.012559169227319275,0.011247422606349193,0.010140890161656597,0.00899563770050955,0.007559342434177978,0.006989963964976418,0.005743068128172298
2017-04-03,0.5913801256840078,0.15679990524509396,0.04886294661851688,0.03026127434401735,0.025042259405093,0.017672466366795953,0.015742963107667346,0.013364150958091408,0.01237823903657595,0.010099661715577895,0.009616977682830739,0.00909540864677067,0.007245341271951227,0.006974268787123783,0.005487669203309819
2017-05-01,0.5900573825727253,0.15962739181944482,0.048573901405032656,0.029666514128332617,0.023202645515655925,0.017980980103472443,0.0159983662910783,0.014088670063626876,0.01253525863938371,0.01019314890036949,0.00927365228523956,0.008630613895730542,0.007255344457798554,0.006656504965066618,0.005608917519676895
2017-06-01,0.5829071589303755,0.16251699699863584,0.04876725659576783,0.03034893852574279,0.02388965617993222,0.019665588813114677,0.016487839699903993,0.014370978191450277,0.01303172733085999,0.010079585829828626,0.009181864623896589,0.008339448543260493,0.007492576851812681,0.006830992599037805,0.005352694657858231
2017-07-03,0.5329576197409865,0.1720460903664897,0.05025757061105226,0.037995786352880506,0.028915821122068627,0.024426254054532498,0.018056477127128445,0.015577204667155849,0.014292673482639386,0.012006770317695696,0.011109460814401572,0.010043911112019752,0.008696660086089443,0.0075307339893692805,0.00646247819691079
2017-08-01,0.5287873071592111,0.17865118650523576,0.04560751296323119,0.03950585368920157,0.02889627842554163,0.024951993758214556,0.01721599809566534,0.016208167392303487,0.013215232188445794,0.012749909629186306,0.011660064045923504,0.009040572837700066,0.008295772813584672,0.007198364773683799,0.006758735640365216
2017-09-01,0.5388169393013177,0.1768058514939335,0.04277807904808205,0.03793667602885191,0.029397171011654993,0.023219350232711572,0.017080086611924453,0.014592130258802505,0.012883324722119284,0.011783179194377238,0.011433737975686802,0.009545800626579882,0.008406014729657872,0.007288687596400036,0.00651123371309242
2017-10-02,0.49987666439769546,0.1844403389720847,0.04728436631320001,0.042296568339637436,0.033314213204228865,0.02650545880054798,0.018868826465573738,0.016151871603717016,0.014068420461017438,0.01331859212768206,0.011820370628182864,0.01062645263818551,0.008564993387296136,0.008155850695929216,0.007047067155713933
2017-11-01,0.4897777432434292,0.1861241069587554,0.047135119483182636,0.044060115575808134,0.03459717712482501,0.027771114140050585,0.019101898565427218,0.016500179866789418,0.015047941673019533,0.013821480420696272,0.011391319489972847,0.010134873876381461,0.008875426311936229,0.008430056844414105,0.007368540071986513
2017-12-01,0.499205969785232,0.16619669030943643,0.054939571730370375,0.04329291098730347,0.030646005859271127,0.025432264524872628,0.01864914054272527,0.015945326616196714,0.015307771962346206,0.013600693398110352,0.011621497941153417,0.01123399324955254,0.009864970040071018,0.009240672177122097,0.008079122607506815
2018-01-02,0.4968089490783378,0.15884055799017233,0.05736876981201134,0.04559220639375355,0.03013392561113638,0.026902192876337907,0.018811101052774098,0.015537067649333217,0.014967448001333733,0.014301587979439465,0.01173739817407604,0.01146798629384282,0.011091873846204242,0.009872935088686571,0.008622708795549211
2018-02-01,0.5069508090475666,0.15173440557806972,0.05712615045300855,0.04260262634638955,0.029737758659433698,0.026837655366433247,0.01884414163636481,0.01658829120218357,0.01555295364924287,0.013129711996842992,0.012028551087501511,0.01127330547894767,0.010990806821806955,0.010377549083748265,0.008809950305931492
2018-03-01,0.5899376410177005,0.14441459008165966,0.042698327633926975,0.02890064517300745,0.02442441836223815,0.021474606091194573,0.015477492711334364,0.015037921916027824,0.013851987073171434,0.010918525115742506,0.009936686077719662,0.00958087033414366,0.007761468944146524,0.00742300717638715,0.00695077841276303
2018-04-02,0.6077139121365956,0.133240046220314,0.04138161597593528,0.02492714653874694,0.022589553124478877,0.020289899127596638,0.016925904051610496,0.01576882262799359,0.014016980539812263,0.011473565018584129,0.010483452012956107,0.009425589634546483,0.008546145925949392,0.007557079080471762,0.006856072514315824
2018-05-01,0.6142704675890571,0.1328654288886121,0.0415596044230961,0.02309568335794811,0.021664845004594698,0.01977396539749033,0.017000178220210587,0.015683483692629497,0.012974230726587726,0.01198251465453433,0.010392169328128429,0.009242649068902223,0.008629226955370753,0.007470032275501755,0.006513187423831495
2018-06-01,0.6146481869562174,0.13243722633786462,0.04185059087023955,0.02354227887272973,0.021262461041788947,0.020589077758085245,0.016578822715036672,0.015030513318183121,0.01330169149227118,0.01237310731100472,0.010144934132523577,0.008926621466153509,0.008610383432599247,0.007855316852239688,0.006388642732428198
2018-07-02,0.6179033711561746,0.12778470510409243,0.043920237475358274,0.02391196447616019,0.02221332957693863,0.018927335075487918,0.01639514767950162,0.01451538899361793,0.012538805645903605,0.011657650207422956,0.010260113532341098,0.009770906521915868,0.008662497921492839,0.007857223499056952,0.0065957422501514
2018-08-01,0.613868640903895,0.1256816181592048,0.04753633607693004,0.024957821323127845,0.022433612735184662,0.019394912049083765,0.01672384666469127,0.01392458358177735,0.012437960070419208,0.0120809655838301,0.01011170220085902,0.009813240691709786,0.008826057507669668,0.007569992805254267,0.0069262900700444085
2018-09-04,0.6075734315596928,0.125223750919257,0.054105829458501675,0.026580558847526175,0.02213428806115974,0.019108894875861645,0.016782379473217177,0.013655973493667055,0.012333423468300839,0.01185852641936391,0.010137030610814715,0.00959956567000742,0.008927632011431713,0.00753460486561047,0.006837514269051877
2018-10-01,0.6034544783900581,0.12439461728552087,0.056474348304987425,0.027329782095227028,0.02179654589001776,0.019125783194656108,0.01718791922862418,0.013942819945197877,0.012480806367563643,0.011947307332774377,0.010514275386919769,0.009816577234282562,0.00872846593664067,0.007625815220985769,0.007087290692872459
2018-11-01,0.6187888583446073,0.11958882533188316,0.05404008668325082,0.030334639665024823,0.020694318176468305,0.0183673900680647,0.01541532159072046,0.01354352065271984,0.012577883638494894,0.011117467167687722,0.01076997394320547,0.008623020203978489,0.008161986758321693,0.007243410236296631,0.007059344193788344
2018-12-03,0.6246893893974185,0.12055023766047808,0.05366981979854897,0.030313292263028046,0.019144717755675923,0.01736911855851821,0.015860219807216497,0.012885396317917429,0.012477671880153605,0.010984234592874313,0.010337399284330917,0.008001748916349251,0.00766301201256701,0.0068077589489627804,0.006346235662984536
2019-01-02,0.6410874212032539,0.1142158223799851,0.0587285935055633,0.027444852517795736,0.018961849331963144,0.01670796798813611,0.01498807586910752,0.012017994878368101,0.011699103652738066,0.01000502960742065,0.009396283281721192,0.007351822127061893,0.006652283701334256,0.006083867970605515,0.005628526432006962
2019-02-01,0.6473452170094556,0.11172849919645993,0.05673303501282336,0.02697589418331436,0.01974808324550672,0.016999672178316827,0.014798143755762395,0.012419529333075212,0.011563104276276825,0.00969897913496308,0.009111875144162607,0.007130523022665387,0.006410008541990101,0.0058595258302661345,0.005289333201566745
2019-03-01,0.6315584611220466,0.10883009711395998,0.06471392117787363,0.029169243307670577,0.01988946321013194,0.017455627471890892,0.014596755994377014,0.012770681700910535,0.011608303526033951,0.010502939161155897,0.010114962908878597,0.007795312598301908,0.007219911530209177,0.006214967217671995,0.006167160882459254
2019-04-01,0.6251634935681564,0.11166592897134188,0.0671500976962156,0.029959293506469364,0.019877911104734428,0.017452594152720602,0.013969238595575395,0.012185929241360876,0.011085546776259263,0.011028541234173524,0.009616175212924198,0.00807963514220028,0.007357636924500295,0.006290079108849658,0.006122714812647989
2019-05-01,0.6177481052975868,0.11185155232977356,0.06856554617355029,0.031137166494347876,0.020269439518133203,0.017651346900430593,0.01385449579766214,0.01257800767229997,0.011434367370103166,0.010797892842848433,0.010176241095615041,0.00862033434185328,0.007649556752818228,0.006442897249301719,0.00595673012397264
2019-06-03,0.6288837468812744,0.10710685953337157,0.06817662482771947,0.029249337912867195,0.019079507340529288,0.017195334121130248,0.013863065801411896,0.012809676523223535,0.011617581894177886,0.01044819055159653,0.009700097151973118,0.008362743764713548,0.007710331757501821,0.006150679859875564,0.005747583641310479
2019-07-01,0.624293640990497,0.11218701794256881,0.0686537453806763,0.02919479354523677,0.019511040567997004,0.01768113132135996,0.01351203257728702,0.012782443373761089,0.01157694803314923,0.010935004993523324,0.009018954035496738,0.008223644632041612,0.007130386429619067,0.005968471678831922,0.005674432730280691
2019-08-01,0.6261017739054611,0.11469602970755613,0.06561051154424744,0.02771380429563455,0.019686499117637028,0.01787470549187252,0.014176025721751374,0.013212944127123037,0.01161416836666349,0.010635310780135498,0.008991892971398135,0.008271833131570046,0.006968061205241269,0.005999486966394574,0.005827658722501622
2019-09-03,0.6510384051530915,0.11340773829509149,0.057224521252752354,0.02357585381283753,0.01865681310109538,0.017164982194040276,0.013762083419563042,0.011560348976238444,0.011226464439567768,0.009501053312068982,0.0087628434143094,0.007251926520448767,0.006520719924719145,0.005513668815289569,0.005320510094979939
2019-10-01,0.6519021646403202,0.11863897726191903,0.05464100929521847,0.023588520428663447,0.018611911404724367,0.016693101732988276,0.01371375580065952,0.011685017456219077,0.010712833948288987,0.009407576428904049,0.008203276745511488,0.0068612058941950336,0.006018918818577605,0.005576051242932057,0.005226293062979021
2019-11-01,0.653014024302076,0.12278797865086374,0.0529711907777022,0.021822903850509588,0.018279537527125383,0.016230449413456034,0.0142425430798412,0.011962018705041289,0.009633152699749207,0.008760787544995253,0.006812904564076662,0.006532811750301093,0.00628294658056964,0.005821313151897221,0.005492287398215475
2019-12-02,0.65263232264746,0.12572699486089867,0.05126273107287347,0.021142383227333434,0.018354540335555714,0.016156178831246624,0.014436545858413261,0.011194554282929068,0.009223621948833981,0.009168858493132596,0.0074121557001146,0.006679816854519311,0.006353313093434503,0.005740302372524603,0.005477652824764747
2020-01-02,0.6329807173528844,0.13210657508829843,0.04726032432418498,0.023700192407542637,0.0208771902784399,0.01787985756265646,0.01605155108893194,0.011463511985353664,0.0103294697279018,0.009846487445138897,0.008361249147726863,0.007812050860975188,0.006739330947117932,0.006027022347459315,0.005460468747011922
2020-02-03,0.6259182269447662,0.13236895562794998,0.052535899023032115,0.024482588658382334,0.02117686545907733,0.017044517809402467,0.015123097203793736,0.01102106427482747,0.010439435350579094,0.010122003741503521,0.008687306437284551,0.008262840849910177,0.0064296307072239855,0.0063637262144204685,0.00576383964983184
2020-03-02,0.6537126736598776,0.12388212239955851,0.05155508586810574,0.02272232988292236,0.020507206033472464,0.014642932177822263,0.013442875817119268,0.010771951996807036,0.009356724029823228,0.008935154711513111,0.007948806144319354,0.006696244020994226,0.006612361853638016,0.005498405193009151,0.005261352540543627
2020-04-01,0.7575470988666664,0.10057372105517474,0.031161264994653597,0.018765867868597432,0.01688690313067401,0.015173500482382278,0.011035680237516906,0.007650141196513709,0.005698258283909996,0.004554164071269711,0.0041077267476367155,0.003915163018262244,0.003196259188423012,0.0024519941683590436,0.0022353489170665593
2020-05-01,0.7561980268345029,0.09696302105903963,0.029277480109581328,0.019641585354842922,0.016481659149333517,0.0152462075418555,0.011110381785489898,0.008663288875315206,0.006058731218788304,0.00563859736623448,0.005409776977853404,0.004100416747909692,0.003605633001248219,0.0032125084131918035,0.0023806803290560867
2020-06-01,0.7522306605215058,0.09627301662622402,0.028799314516967874,0.019765543142446062,0.017305295150589962,0.015175909820101387,0.011366919130254399,0.009876739280114979,0.006467043952397469,0.006331678710197553,0.005510700445197521,0.004436629073371383,0.003762444779321616,0.00321222729141789,0.0024360189050100438
2020-07-01,0.7539878216784158,0.09476432581414172,0.027914201943800787,0.02016108337795983,0.01772039636183001,0.014982357144331524,0.011317655984287014,0.009988703416512269,0.006572979698445824,0.006378028104906597,0.005291205298765648,0.004327858071863935,0.0037697103264623874,0.0033827339037618654,0.00250410869785087
2020-08-03,0.7487193617870863,0.09359949144287324,0.028085527797287513,0.02195243302488634,0.017993020449437812,0.015879103557644676,0.011592495720894026,0.011102003894614491,0.0067983878307595145,0.00639410634599177,0.00551823826142528,0.0046424395262774105,0.003816455580189856,0.0035862003579398114,0.0025539875196137506
2020-09-01,0.7439003852228105,0.0924312713576076,0.028938036623944632,0.024348538139599057,0.01798884085770073,0.015825830816562438,0.011860809573276928,0.01142122587687834,0.007250915114304627,0.00674036757778128,0.005738370530760277,0.004774947445635883,0.0039001728304160544,0.0037083514331166206,0.002653075399973483
2020-10-01,0.7428796884285934,0.09036283565623952,0.02851160926949445,0.02485790044732747,0.018729286324894723,0.01643951293172913,0.01218587794678621,0.011502558821879135,0.007645669332577069,0.007078264487621967,0.005822675956887771,0.004953601987995303,0.004026098117794246,0.0036563213094676825,0.002701548864333054
2020-11-02,0.7416419262232666,0.08944019179089506,0.02811652359766713,0.025863825494660056,0.019005310740799652,0.016756222923734975,0.012296421511845776,0.011377925326253877,0.007758619518289418,0.00710980020122613,0.005852252129450714,0.005031965611971427,0.004338027215150569,0.003719810540446644,0.0028051116321105253
2020-12-01,0.7354749703163411,0.08888234485457112,0.0318639643195881,0.02680809250019874,0.01897341537780194,0.017064983501935166,0.013111135256020885,0.011311460846173424,0.007834961876735734,0.007193678990350629,0.005941002061565285,0.005220722543345459,0.004247941000088036,0.0036991491778917513,0.002936984232983836
2021-01-04,0.7345390110331702,0.0879467170466348,0.032260882544288015,0.026810420885533797,0.019011643535666336,0.017319018644204175,0.013378622755499444,0.011328418796931625,0.007984040009278428,0.007302414001163211,0.005979388957843729,0.005264583445846404,0.0043664472337604406,0.003699568438792233,0.0029069427361313885
2021-02-01,0.7312019965852051,0.08795458574779158,0.033754997738807656,0.026463150860746985,0.018833812151430013,0.01751737055603743,0.013561774917929226,0.011324587993310166,0.008482420666950182,0.007417809658290993,0.0060440745565867645,0.005419040039385162,0.004628957225443389,0.003805920189818152,0.0029499592525782936
2021-03-01,0.7265739391128501,0.08883571726040868,0.03495274516536502,0.026145405455021264,0.01950454717490341,0.01792677224865525,0.013852442383889158,0.01123794251125855,0.008889609337337807,0.007475683773105672,0.006051317400390079,0.0054953245556510315,0.004711845682006774,0.003857945274935742,0.0030858477008264816
2021-04-01,0.6281493542209506,0.11207021307188772,0.05469159566161648,0.03513845890827872,0.025025176456015014,0.020555545304860423,0.01757868268934942,0.014834593753885083,0.01219602600286966,0.011360790846926847,0.009368850923634145,0.007540106141144962,0.006358305980784957,0.005253842195458132,0.004885421176580995
2021-05-03,0.5882346365621998,0.14112993888018022,0.05477703590202131,0.040003172231961814,0.021992266992350063,0.01942156172739999,0.017959139869579355,0.015550563279279127,0.01301351334625559,0.011004023740287158,0.00961189106483875,0.007558589812951281,0.006749657838697582,0.006532750339807295,0.005833602640462471
2021-06-01,0.5776852661275018,0.14796858011090222,0.05721775317463582,0.040358875441817384,0.022688878503307468,0.019800121698878785,0.016453990140663406,0.01562246432729735,0.012866984212473892,0.011160691714610333,0.009950369202583147,0.007940688442686724,0.006907411050514024,0.006462698308034106,0.0061562333239209245
2021-07-01,0.5356255339287423,0.1595966870512009,0.06274090802946802,0.04567623066226641,0.02628201976626711,0.02104389033727829,0.018600921956735066,0.015040464370419624,0.014238933731682207,0.012179527079376907,0.010646195895129084,0.00934463859269317,0.008171947849127774,0.007041619054670423,0.006756310266912222
2021-08-02,0.5385370296836055,0.15915171372949177,0.06059695685988289,0.04606221689467636,0.026986367663974647,0.022145278502196362,0.018705680575787375,0.01466458703368354,0.013466631595171833,0.011952960985828761,0.010576461771042552,0.008847247864527575,0.008244536270292131,0.007386277467378058,0.006630639245319632
2021-09-01,0.5458849159359563,0.1565558971426738,0.06098421954384972,0.04660348716636652,0.02676941997330659,0.021697208936875004,0.016938184993633466,0.014255096840870436,0.012986567305868333,0.012179951850996984,0.010539673017081978,0.008488279339709463,0.00771148421509548,0.007444260041416448,0.006573557833524283
2021-10-01,0.5294304559146192,0.1623733261145763,0.06714941383654817,0.04659648460266985,0.028754103069882266,0.022319227064673926,0.017779004964826345,0.014156988262798289,0.01296213144527968,0.0117119290144055,0.00994518617713745,0.008689937000397177,0.008012157292609212,0.007410701344191453,0.006596291809270193
2021-11-01,0.5128214862505034,0.16361801846696813,0.07145808040060309,0.049205249923742096,0.0312485519486729,0.022625632553696925,0.018448979354655237,0.01466746258915843,0.013583379334946747,0.011764849753322381,0.010195639952775505,0.00916542486464332,0.008507681304755106,0.00769841940950599,0.00654158254703871
2021-12-01,0.5140206889671687,0.15300007351005773,0.07570741525122196,0.04998179255219197,0.03198748759591453,0.022612381759131914,0.01658745050966265,0.01552896132950116,0.01420547754007523,0.012871114936303505,0.010259505216422441,0.009504366887755838,0.008064943259484753,0.007833646750870752,0.0068428690885100245
2022-01-03,0.5251404706562407,0.1467032884763468,0.07543795051052304,0.049516958121770434,0.03263360049448081,0.02268708092766615,0.01566025760625531,0.014882665072691901,0.013677886308589595,0.013575063470323577,0.010312095003007187,0.009394150694479377,0.008391565540543449,0.007209723310314224,0.0065476445100523155
2022-02-01,0.5228651386393777,0.14375231709948835,0.07767173477178141,0.05213062079913899,0.034170537305578466,0.021616234330254943,0.01616701224481069,0.014841284288069299,0.014193549811455049,0.013237764855074403,0.01046015438573494,0.009276830677347723,0.008642903320756078,0.00694155876990345,0.006712746664559574
2022-03-01,0.5260012029928828,0.13599081626706008,0.07899636173784633,0.05766428767809656,0.03470461338536807,0.019800856614740545,0.01656008416023323,0.01516428975329447,0.013873851205971526,0.012449608248371156,0.010852421937776332,0.00912320739321446,0.008117787054848275,0.00792502556626536,0.006141897767313803
2022-04-01,0.546211794235071,0.12869750864338383,0.07604993390832142,0.054576500889157,0.035121663582418784,0.020703717482179747,0.018977691056079816,0.014216527616920287,0.013158876733387517,0.01079317158443469,0.0094416406111623,0.008788000747685003,0.007856967509742827,0.007015965931590027,0.0057724147881615595
2022-05-02,0.5567001702460528,0.1270930730656199,0.07887330867616581,0.051677315418024894,0.032834308049852455,0.020419791741443923,0.01778628938533569,0.0136105546302034,0.012307803355998535,0.010999207363940916,0.009124459276838517,0.008192533652030645,0.007733913499812957,0.0069279879889399066,0.005944361337629816
2022-06-01,0.5799478436717056,0.12428204999297594,0.0735246489424178,0.0461030417212505,0.02911157308721048,0.020253426210837647,0.016683724690237517,0.013042719618501803,0.011540098525515604,0.01081183323776149,0.008768512704143902,0.008286347558763495,0.007126169445953833,0.007026606847715137,0.006465466824015805
2022-07-01,0.6016348656002625,0.12815343301020546,0.0661192639250556,0.040524806754213986,0.025781251336968396,0.018641682299648812,0.016597194236556506,0.012974185613299686,0.01115602446535405,0.009431923595761019,0.007656466748549751,0.007477780976078149,0.006963654828843228,0.006462753333277948,0.005718765166578383
2022-08-01,0.6047826535336027,0.12748057927702533,0.06471426861730263,0.04193058982432979,0.024722961105262772,0.018220043545499432,0.016250308373200493,0.012592383348214812,0.010531246845025268,0.008992816380073269,0.007981340685034047,0.007282115287877772,0.006841626110466209,0.006231739937690075,0.005926777388505347
2022-09-01,0.6139011357431,0.12628510863452194,0.061998462298896294,0.0402052631345739,0.023548220442229973,0.018589243492043314,0.015463188084659628,0.012665983276622689,0.010277473383603117,0.008697199563411421,0.007718051693079434,0.007065955545701221,0.006844312345509499,0.006038423739663044,0.005812963388895379
2022-10-03,0.6297433562127182,0.12339059673218128,0.05598216144480149,0.0401385624104481,0.02237144436322842,0.018020420484941752,0.013598246606561984,0.011962956682139243,0.010158301251240323,0.008473551698219168,0.00780979197257526,0.006702350648677593,0.00631725882078017,0.006031650437355377,0.0056986684601348335
2022-11-01,0.6401989563874381,0.12011089654160341,0.05723421712262032,0.03779349331512546,0.021634259758897982,0.016628296770302618,0.013185430674026109,0.011792687027956612,0.009592955865147272,0.008358188816150126,0.00751693430026602,0.006368868153737283,0.005876174932255783,0.005730059441123448,0.005664463081037602
2022-12-01,0.6571888399130406,0.1150664826313386,0.056076035297380776,0.03513614969997942,0.021063906635329935,0.015252434629699971,0.01237392243772891,0.01112443838064756,0.008886445428407552,0.00807835984428363,0.006993554425787932,0.006248838273526211,0.005481184448375535,0.005241226023932779,0.004966547554955844
2023-01-03,0.6613483971913917,0.11375764224309226,0.055760791778971176,0.0342073911836039,0.020498692711342286,0.015746588229309622,0.012352822942094693,0.010894924736537845,0.008435353974096125,0.007869523916629685,0.006821378129700278,0.006125265192939929,0.005377990310972939,0.005174812875286354,0.004916780342942413
2023-02-01,0.6667635111194734,0.11430730722414033,0.05550989226202242,0.032576805736058756,0.01973946114045127,0.01612705371553497,0.011920563725891842,0.010505965646331212,0.008520386262847969,0.00720615446868321,0.0066637677558779185,0.00588252307305334,0.00536154929410469,0.005018760107345556,0.004590046448150348
2023-03-01,0.6682340796955216,0.11230697454401846,0.05740126561690175,0.03166023898266041,0.01873130412253939,0.016530417953707726,0.011695505118599516,0.01055923360512281,0.009062267005086479,0.007147166631687749,0.006704485182785201,0.006034976082641374,0.005393358354936548,0.004952646532869113,0.00455150934746444
2023-04-03,0.6686351552937828,0.11799510754474697,0.05516162687339188,0.029576968710046475,0.019666667214677906,0.015104798767931265,0.01297130513120726,0.010096170065141501,0.008404813041120819,0.007333371877785179,0.006414618371523329,0.005853068872265809,0.0050280448358330345,0.004722195432822648,0.004362245974057186
2023-05-01,0.6671231450012809,0.1199872010019829,0.054967001528090316,0.028624454121826612,0.02009904729942929,0.015604831847763475,0.013248395952122346,0.01003718462123411,0.00819078200855442,0.007166486578829459,0.006494785697872569,0.00587924163848787,0.005139036640167929,0.004707919731475631,0.0042990870483708725
2023-06-01,0.6584896759229569,0.1222049893914356,0.0559890307230773,0.03208902448388788,0.02225080330055193,0.01641187584266335,0.013495087346285585,0.009907803474344317,0.008319900184658915,0.007221179529054658,0.006159629698711037,0.005940306133569676,0.004882190466579498,0.004608133732669572,0.004064710475496414
2023-07-03,0.6400054351234692,0.1266819155317283,0.05892628190291175,0.03436457471756545,0.023161792632960948,0.018283969472152807,0.014333293691110551,0.010230234092303916,0.009072529451172942,0.007772809351977693,0.006612542234391603,0.006140071247489759,0.005231519306144473,0.004712885673208994,0.004378408063348816
2023-08-01,0.6405096961295269,0.12643975896251206,0.057360598476737946,0.0322717193733809,0.023727886147912283,0.01873093714833377,0.0145923913197728,0.01056508448016649,0.009342486937964186,0.007658300917526172,0.00661782289706247,0.006325511852722745,0.00512092302332491,0.004856631845205927,0.004189968156705617
2023-09-01,0.6353629389360516,0.12850891034476092,0.05891774602364751,0.033505894594988955,0.02388350838630718,0.019052816532801498,0.014190253365979937,0.010814596850299887,0.009098352651829768,0.00747521530563576,0.006436079032688251,0.006258472088323984,0.005183038668421389,0.004956731454649337,0.004160644096966402
2023-10-02,0.6179834672853708,0.13417230116363887,0.06158591705899402,0.03617473242646618,0.024324406760080464,0.01917257805780859,0.015824036104558865,0.011865782038995054,0.00969784970580913,0.007924890832259526,0.006631057424504731,0.006138734886028245,0.005300655359847049,0.004862621568392375,0.004305923619608272
2023-11-01,0.5965746775706813,0.13994969965894394,0.059267977452041716,0.04301197881654441,0.026996673928187637,0.020041660985741713,0.016150457109896075,0.013128624131455642,0.010868854588811592,0.008338715206290799,0.00696058626813848,0.006410884268028012,0.005677129642063935,0.005043454207395414,0.004804681207778284
2023-12-01,0.5742849115002504,0.1450189696398019,0.057806201326601615,0.0485500658615383,0.03069855364971968,0.022257305376662144,0.01610402335105855,0.01496399824634901,0.011859166395567406,0.00899555900480997,0.0076009626263413566,0.006934719964990456,0.0061477000877141735,0.005144036968858439,0.0047938996730120175
2024-01-02,0.5605669493475709,0.1481289936905989,0.05985721507804377,0.05371551365787293,0.03263342774515285,0.022433916444164533,0.01641061747747378,0.015246654520841405,0.010928629349629277,0.009080982906296744,0.008007337817443535,0.006870954616863166,0.006454486236165879,0.005200533743895147,0.004824538554941379
2024-02-01,0.548974106124229,0.1475340673463461,0.0663321491692013,0.05609800611364707,0.03290035861557546,0.02214805416169386,0.016601631476612255,0.01498920548663196,0.011137978919575447,0.009540072263945421,0.00832868857478414,0.00707311036758545,0.006707385317646312,0.005220195630742513,0.00502984774771086
2024-03-01,0.5462991799841888,0.14919692056279785,0.06898121812083212,0.05646020858482492,0.03215050065858587,0.02170574449515144,0.017045203766888124,0.014696123902575712,0.01064095621540425,0.009052494657609399,0.008325862118726393,0.0074554275386856,0.006621683292561229,0.0052936776566520965,0.00512672116999308
2024-04-01,0.5533581904448985,0.13680669798061448,0.0759102394704633,0.05265433833293811,0.02888047706290351,0.018963884008843683,0.016779326231305285,0.01390472860028726,0.012799352348206977,0.010041872311972084,0.00952360986309432,0.008327652384274142,0.006947728595256218,0.0061840768380390125,0.005698461079763952
2024-05-01,0.5623543951497181,0.13186122805862457,0.07817170451507229,0.050886545594088776,0.0273354322497237,0.018080233744411842,0.01685399978199885,0.014832191164852548,0.011151391397298906,0.010563233602888081,0.009639814715917445,0.008040301105438255,0.007132645551117551,0.0059141055287117526,0.005608647780162401
2024-06-03,0.5722594351693171,0.12029036747469249,0.08074639203245447,0.05005989261298426,0.026308310807535918,0.01912990321812622,0.01696552885918846,0.014545850893355878,0.011405903444026535,0.010270407817008699,0.009576508121465927,0.007848861336067978,0.007347679627995845,0.0058894930909709695,0.005655147418614802
2024-07-01,0.5676902331725394,0.1169210848466866,0.08193126468798852,0.05153407127043515,0.025975969747610284,0.01892649468793865,0.018300075319342392,0.015158755026814585,0.012013470396876433,0.010453360882289753,0.010107542649226978,0.008398941322892097,0.007200563196753732,0.0062930745903549586,0.005539165672632953
2024-08-01,0.5626654408068783,0.12054588900741248,0.08579616841232883,0.04868751294963375,0.024678783677772688,0.019327491962951422,0.018399644066327193,0.015184682424453401,0.012197284917400002,0.01130052305409388,0.01000966827586166,0.008527740890062117,0.007504998019080056,0.006128594205290389,0.005787971236330647
2024-09-03,0.5641914478902401,0.13246946875519633,0.07932849865057769,0.04552487075369155,0.026935362200132273,0.018890939780225657,0.017516059835025764,0.013848188103480681,0.01258114308524409,0.010457204685957004,0.009557091917387024,0.008210838784640405,0.007381607825945509,0.005685967113920886,0.005563742027923114
2024-10-01,0.5553737518314237,0.13775887816690363,0.0797500099625183,0.04922266683610879,0.026471741298189112,0.01919234003151716,0.017314777421115573,0.01358745776860785,0.012663181770146352,0.011069838424882954,0.009308006612418554,0.008271620993079326,0.0074803919976174724,0.005946960366799761,0.005512632379051305
2024-11-01,0.5445249667216747,0.13933066766336544,0.07941913647678456,0.056291511054868355,0.026772033148598516,0.01832826963590696,0.016930921693902732,0.013831177559009008,0.012959559112166244,0.011440797225138232,0.009496422859568539,0.008767037314573317,0.00707015125928155,0.006363895880436649,0.005663678603484865
2024-12-02,0.5107186825815181,0.15155249403868482,0.08644468196533626,0.0628929323076537,0.029384667299438866,0.01982184974883201,0.016832451721679704,0.014348844825079858,0.012610883608043114,0.011477333793956445,0.00995893703610764,0.009087892696659324,0.007327478747239753,0.006895865172977152,0.005767873427990491
2025-01-02,0.5160335182695194,0.14646229154691898,0.0868673456193991,0.06406623416245191,0.026243691508066186,0.020512845554836893,0.016993464667912215,0.014604131818770332,0.013173701689221521,0.010912526187106251,0.009598095082148862,0.009002066549568843,0.007964934373427417,0.006579208533265879,0.005861762645002892
2025-02-03,0.5182903173748967,0.14785427621211886,0.08616338057113507,0.062097116662916174,0.025524641240844914,0.020558707660383438,0.01799956063949476,0.014217532509440642,0.01312417039310593,0.01104092787235156,0.009760782153377522,0.009084936930220106,0.007815231034383514,0.006331118585336559,0.005698030848559224
2025-03-03,0.5095070575967233,0.14504130675150462,0.09092033880749822,0.06308268624167858,0.026146698716548743,0.022287988384034577,0.018458578226259327,0.014936354226113701,0.013601759222047236,0.011913190638438766,0.009696814834111757,0.008842202906465329,0.00811237089577573,0.006617522508401658,0.005944197395010846
2025-04-01,0.5109992843329135,0.1498422017013432,0.08994752320642949,0.061692085862275696,0.02570562726652226,0.02276739677664198,0.018688533576668675,0.014992246839096543,0.013132353621220092,0.011318106641438685,0.009152524455423245,0.00858207116074148,0.007462381274416316,0.006274542749090465,0.005968227432242663
2025-05-01,0.6075419492555308,0.1343588910700635,0.06316533864306469,0.04707443843039614,0.020770007610417213,0.017305862922206188,0.015545667633672473,0.012188597350866007,0.01101149438984846,0.009631855564373602,0.007664665540435885,0.006670521868507416,0.006023847394872552,0.00512594335933602,0.004571048762108883
2025-06-02,0.601355313997274,0.13741006377305368,0.06564711300928698,0.04812104116830617,0.021289374419126286,0.01817948810016159,0.015440578354580486,0.012273100471719282,0.010793361334710452,0.009532818844986142,0.0073383126672212666,0.006520978469520818,0.005879358542233632,0.004883674653206349,0.00437526010765081
2025-07-01,0.6057375016709999,0.13614964834432894,0.06474035281980925,0.04444060122996964,0.021995847806283126,0.018166866883121708,0.015273876634001394,0.012284023910428496,0.01101346043218681,0.009935075475382846,0.007512785934150811,0.006488691117666664,0.005836588769245854,0.005062962865640576,0.004404327632094737
2025-08-01,0.6064280530605877,0.13666275662761235,0.06455939295812939,0.04338027281011973,0.0211437458160656,0.017909112499094146,0.016477540373703355,0.01226211601329109,0.011286053256883696,0.009340679126205832,0.0076327075538504385,0.0060539241223470965,0.005839212569054616,0.0052163542202789785,0.0045529261440437644
2025-09-02,0.6018749191140088,0.13511374506944537,0.0660770325810352,0.0443451446684487,0.022949190400929867,0.018073839283802632,0.015328970661727722,0.012935112611389368,0.011293770393334866,0.009996495327665198,0.008156888498017184,0.006142192562884528,0.005840670212894364,0.005357224446688773,0.004964770845323052
2025-10-01,0.6010274255789338,0.1343391535773125,0.06454956644782445,0.04516332647737053,0.02321497821536131,0.01836504644891962,0.015516070140861257,0.01247392354740713,0.011717387589939536,0.010201844329198606,0.008377232849101968,0.006053314892242397,0.005957266343304215,0.005267199614960516,0.005090494195082685
2025-11-03,0.6065153320022771,0.1327903423300543,0.06225663751063537,0.04544372955342083,0.020311841492627356,0.018755456956506936,0.015631959421328234,0.01241634772264616,0.010940469817017299,0.010066249662709904,0.008806763804353914,0.006216186744010496,0.006063187208052998,0.005656536318568253,0.005075493767043941
2025-12-01,0.620886995255127,0.12976070357795289,0.05143325467262281,0.04677458533624381,0.020877226240406607,0.01859290425219776,0.015374200738776194,0.011982265520144513,0.010197057663889956,0.009692728428555342,0.008746007017191868,0.006262242355249427,0.005772342948563135,0.005608033697339286,0.004994818778609395
